id,name
1,legend advanced biomedicinals
2,none
3,pharmagic lifesciences
4,biosys medisciences
5,resilient cosmecueticals pvt ltd
6,sun pharmaceutical industries ltd
7,devak formulations
8,elikem pharmaceuticals pvt ltd
9,adcock ingram healthcare pvt ltd
10,adoc pharma
11,abbott
12,ozone pharmaceuticals ltd
13,magma allianz laboratories ltd
14,healthkind labs pvt ltd
15,shinto organics (p) limited
16,lynderma pharmaceuticals
17,argil life science
18,ergos life sciences
19,dsv healthcare
20,ethics health care pvt ltd
21,med manor organics pvt ltd
22,mac laboratories ltd
23,merck ltd
24,denis chem lab ltd
25,medcure organics pvt ltd
26,bpl
27,martyn nikk pharma private limited
28,decisive pharma
29,alive healthcare
30,alpha drugs & pharmaceuticals
31,jagsonpal pharmaceuticals ltd
32,mvd pharmaceuticals pvt ltd
33,aleixo pharma
34,intra life
35,quest pharmaceuticals
36,intas pharmaceuticals ltd
37,afive pharma
38,mclaine pharmaceutical
39,nest pharma
40,mefro pharmaceuticals pvt ltd
41,ambit bio medix
42,spark medicare pvt ltd
43,ambreyo lifesciences
44,shreeji healthcare impex
45,surge pharmaceuticals pvt ltd
46,modi lifecare industries ltd
47,micro labs ltd
48,hamswell lifecare
49,a n pharmacia
50,aequitas healthcare pvt ltd
51,cipla ltd
52,leeford healthcare ltd
53,notus pharmaceuticals pvt ltd
54,acto pharma pvt ltd
55,ipca laboratories ltd
56,vilco laboratories pvt ltd
57,jaiwik biotech
58,zeelab pharmacy pvt ltd
59,ordain health care global pvt ltd
60,crescent therapeutics ltd
61,penlon india pharmaceuticals
62,sipra remedies
63,pfizer ltd
64,tyykem private limited
65,talent india
66,biochemix health care pvt. ltd.
67,elder pharmaceuticals ltd
68,astam health care pvt ltd
69,sun life sciences pvt ltd
70,ajanta pharma ltd
71,zydus cadila
72,cian health care pvt ltd
73,novartis india ltd
74,galpha laboratories ltd
75,astrazeneca
76,abn drugs
77,aarvi drugs
78,obsurge biotech ltd
79,zoticus pharmaceuticals
80,amyra healthcare pvt ltd
81,franco-indian pharmaceuticals pvt ltd
82,essential pharmaceuticals
83,aristo pharmaceuticals pvt ltd
84,omega pharmaceuticals pvt ltd
85,moreish pharmaceuticals pvt ltd
86,shrrishti health care products pvt ltd
87,bdh industries ltd
88,astra labs
89,prevego healthcare & research private limited
90,psychotropics india ltd
91,biostrass health sciences pvt ltd
92,stadmed pvt ltd
93,rbs pharmaceutical
94,acron pharmaceuticals
95,rowan bioceuticals pvt ltd
96,la med india
97,varima pharma pvt ltd
98,johnlee pharmaceuticals pvt ltd
99,boehringer ingelheim
100,mankind pharma ltd
101,dorphyll healthcare
102,alka pharma
103,zuventus healthcare ltd
104,elivia life sciences pvt ltd
105,psycormedies
106,avni healthcare
107,boots lifesciences ltd
108,orosys life sciences
109,glenmark pharmaceuticals ltd
110,mediganza healthcare
111,oyster labs ltd
112,icon pharma & surgicals pvt ltd
113,pilco pharma pvt ltd
114,h & care incorp
115,usv ltd
116,sanofi india ltd
117,koye pharmaceuticals pvt ltd
118,mensa futura life sciences pvt ltd
119,bonsai pharma
120,ponoogun healthcare pvt ltd
121,medley pharmaceuticals
122,scortis lab pvt ltd
123,lark laboratories ltd
124,lincoln pharmaceuticals ltd
125,medispan ltd
126,corona remedies pvt ltd
127,samarth life sciences pvt ltd
128,search orbis pharmaceuticals
129,dewallace pharmaceuticals
130,astonea labs private limited
131,alna biotech pvt ltd
132,arche medichem pvt ltd
133,vencura biotech pvt ltd
134,ethicare pharma
135,bionucleus pharmaceuticals pvt ltd
136,windlas biotech ltd
137,aethicz biolife
138,cutis biotech
139,theo pharma pvt ltd
140,cure tech skincare
141,synthiko formulations & pharma pvt ltd
142,procter & gamble hygiene and health care ltd
143,indoco remedies ltd
144,eris lifesciences ltd
145,ndma healthcare pvt ltd
146,medsmith pharmaceuticals
147,geneaid pharmaceuticals
148,lupin ltd
149,redcliffe hygiene private ltd
150,alembic pharmaceuticals ltd
151,aplonis healthcare
152,sovia altis
153,mediwin pharmaceuticals
154,gmed labs
155,helios pharmaceuticals
156,dr best pharmaceuticals pvt ltd
157,wings biotech ltd
158,lichem pharmaceuticals
159,halberd pharmaceuticals
160,gloss pharmaceuticals pvt ltd
161,tripada biotec pvt ltd
162,hinglaj laboratories
163,aishwarya healthcare
164,alobiote healthcare
165,canbro healthcare
166,ttk healthcare ltd
167,gary pharmaceuticals pvt ltd
168,sarvagunaushdhi pvt ltd
169,bennet pharmaceuticals limited
170,panm labs india
171,galcare pharmaceutical pvt ltd
172,sac pharmaceuticals
173,adroit lifescience pvt ltd
174,bayberry pharmaceuticals pvt ltd
175,makers laboratories ltd
176,mac millon pharmaceuticals pvt ltd
177,befam pharmaceuticals pvt ltd
178,emcure pharmaceuticals ltd
179,zeekem laboratories
180,umbrella biotech
181,sanmai pharma
182,sapiens labs pvt ltd
183,growell vision
184,laborate pharmaceuticals india ltd
185,dios lifesciences pvt ltd
186,ancalima lifesciences ltd
187,novalab healthcare pvt ltd
188,emson medichem pvt ltd
189,medicita pharma private limited
190,fitwel pharmaceuticals private limited
191,dr reddy's laboratories ltd
192,suvik hitek pvt ltd
193,unimarck pharma india ltd
194,desmark formulations pvt ltd
195,midas healthcare ltd
196,swabhumi drug & pharmaceuticals india ltd
197,pride healthcare
198,vinson pharma
199,wilburt remedies pvt ltd
200,mediva lifecare
201,vilin bio med ltd
202,jpee healthcare
203,hetero drugs ltd
204,rivan pharma
205,isis healthcare pvt ltd
206,baxter india pvt ltd
207,mohrish pharmaceuticals
208,europa healthcare pvt ltd
209,esteve pharma pvt ltd
210,uni-pex pharmaceuticals pvt ltd
211,variety pharmaceuticals pvt ltd
212,capri pharmaceuticals
213,helplab healthcare pvt ltd
214,ben pharmaceuticals
215,vhb life sciences inc
216,stanford biotech pvt ltd
217,captab biotec
218,lividus pharmaceuticals pvt ltd
219,jackson laboratories pvt ltd
220,instant remedies pvt ltd
221,daksh pharma pvt ltd
222,megmento pharmaceutical pvt ltd
223,leo star healthcare pvt ltd
224,united biotech pvt ltd
225,cyrus remedies
226,assure pharma
227,raptakos brett & co ltd
228,bharat biotech
229,sansill formulations
230,suncare formulations pvt ltd
231,zee laboratories
232,briskon laboratories
233,biocare remedies
234,om biotec
235,mclain laboratories
236,axter pharmaceuticals pvt ltd
237,cadbless life care
238,arvincare pharma
239,biocon
240,kivi labs ltd
241,plasoron biotech
242,commonwealth pharmaceuticals
243,bayer zydus pharma pvt ltd
244,genfo bioceuticals pvt ltd
245,sunwin healthcare
246,origam pharmocrats
247,novus life sciences pvt ltd
248,strassenburg pharmaceuticals.ltd
249,medbeat healthcare
250,dr. johns laboratories pvt ltd
251,shiron pharmaceuticals
252,casca remedies pvt ltd
253,davaindia generic pharmacy
254,albris healthcare and biotech pvt ltd
255,genwell health solutions
256,brunson healthcare pvt ltd
257,d d pharmaceuticals
258,verrmont healthcare pvt ltd
259,symet drugs ltd
260,gnova biotech
261,events pharma
262,pericles pharma
263,macleods pharmaceuticals pvt ltd
264,startos healthcare pvt. ltd
265,biochem pharmaceutical industries
266,ultratech pharmaceuticals
267,tesni pharmaceuticals
268,axis life science pvt ltd
269,medmom pharmaceuticals llp
270,infivis life care
271,sanzyme ltd
272,hauz pharma pvt ltd
273,panacea biotec ltd
274,vts life sciences
275,latika biotech pvt. ltd.
276,fawn incorporation
277,advance revive
278,a. menarini india pvt ltd
279,kloster pharmaceuticals
280,age biotech
281,frank medilink
282,kentreck laboratories pvt ltd
283,pulse pharmaceuticals
284,novo nordisk india pvt ltd
285,concept pharmaceuticals ltd
286,janssen pharmaceuticals
287,brainwave healthcare pvt ltd
288,serdia pharmaceuticals india pvt ltd
289,anabolic remedies pvt ltd
290,balint pharmaceuticals
291,vatican life sciences pvt ltd
292,modi mundi pharma pvt ltd
293,globus remedies ltd
294,east west pharma
295,vee remedies
296,cyril pharmaceuticals
297,veritaz healthcare ltd
298,square pharmaceuticals ltd
299,meyer organics pvt ltd
300,dr cure pharmaceuticals india pvt ltd
301,dermonova pharma pvt ltd
302,astranova biotech
303,three dots lifescience
304,venus remedies ltd
305,uninor biotech
306,pinarc life sciences
307,dion pharmaceuticals
308,valtin health care pvt. ltd.
309,sg lifecare pvt ltd
310,canixa life sciences pvt
311,dowell pharmaceutical
312,sanes pharmaceuticals
313,sycap pharma
314,centurion remedies pvt ltd
315,albia biocare
316,msd pharmaceuticals pvt ltd
317,raymedica pharmaceuticals
318,reliance formulation pvt ltd
319,affy pharma pvt ltd
320,la pharmaceuticals
321,supermax laboratories
322,sanity pharma
323,uniphar biotech private limited
324,maneesh pharmaceuticals ltd
325,kaizen pharmaceuticals pvt ltd
326,home remedies private limited
327,renova pharmaceuticals
328,lifeline remedies india pvt ltd
329,care formulation labs pvt ltd
330,pharmacon healthcare
331,atopic laboratories
332,consern pharma limited
333,max india ltd
334,in med therapeutics
335,wockhardt ltd
336,serve pharmaceuticals
337,jarson pharmaceuticals
338,bioderma solutions
339,globela pharma pvt ltd
340,agrawal drugs pvt. ltd.
341,veecube healthcare pvt ltd
342,nodysis pharma pvt ltd
343,pci pharmaceuticals
344,vega laboratories pvt ltd
345,deys medical
346,ishjas pharma pvt ltd
347,olcare laboratories
348,strides shasun ltd
349,addii biotech pvt ltd
350,colinz laboratories ltd
351,bb remedies pvt ltd
352,signit laboratories pvt ltd
353,troikaa pharmaceuticals ltd
354,arika healthcare
355,kc laboratories
356,ultramark healthcare pvt ltd
357,welgenic pharma
358,rpg life sciences ltd
359,tnt lifesciences
360,astra idl max
361,entod pharmaceuticals ltd
362,dolphar life care pvt ltd
363,alicanto drugs pvt ltd
364,forman medics pvt ltd
365,junifer pharmaceuticals
366,duckbill drugs pvt ltd
367,remandish pharma pvt ltd
368,syncom formulations i limited
369,steadfast medishield pvt ltd
370,aaltramed healthcare ltd
371,medios laboratories pvt ltd
372,jaqson healthcare pvt. ltd
373,cubiwell lifesciences pvt ltd
374,mediste pharmaceuticals pvt ltd
375,cureton biotech
376,vrinda life
377,insight eyecare pvt ltd.
378,wannock pharmaceuticals
379,glaxo smithkline pharmaceuticals ltd
380,medoz pharmaceutical pvt. ltd
381,avecia healthcare
382,aarkios health pvt ltd
383,calibar pharmaceuticals
384,truecure healthcare private limited
385,unimarck healthcare ltd
386,swast aushadhi seva generic medicine store
387,alkem laboratories ltd
388,mrhm pharma pvt ltd
389,biophar lifesciences pvt ltd
390,condor healthcare pvt ltd
391,systemic healthcare
392,unichem laboratories ltd
393,heptagon lifesciences pvt ltd
394,biotabs life sciences pvt ltd
395,esteem pharmaceuticals
396,biodiscovery lifesciences pvt ltd
397,metlar formulations
398,amsure healthcare
399,pdc healthcare
400,encore pharmaceuticals inc.
401,oriel healthcare pvt ltd
402,makeway formulations pvt ltd
403,texas pharmaceuticals
404,aster pharma
405,pinnacle medicare pvt
406,seagull pharmaceutical pvt ltd
407,unicure remedies pvt ltd
408,athens wellness
409,torrent pharmaceuticals ltd
410,galderma india pvt ltd
411,vivifi life sciences
412,indica laboratories pvt ltd
413,delcure life sciences
414,amzor healthcare
415,mapra laboratories pvt ltd
416,ebx healthcare llp
417,austrazen bio pharmaceuticals pvt ltd
418,athlon mediventure pvt ltd
419,juggat pharma
420,wallace pharmaceuticals pvt ltd
421,cure kelvin
422,katg therapeutics pvt ltd
423,aconwell pharma pvt ltd
424,molekule india pvt ltd
425,kayess healthcare
426,general pharmaceuticals pvt ltd
427,bactolac formulations pvt ltd
428,ultra chiron pharmaceuticals pvt ltd
429,lia life sciences pvt ltd
430,eclipser pharmaceuticals
431,biovensia pharmaceutical
432,relish pharmaceuticals
433,symbiosis pharmaceuticals pvt ltd
434,precia pharma
435,starlance pharmaceuticals
436,ambience pharma
437,remedial healthcare
438,cadila pharmaceuticals ltd
439,taksa life sciences
440,yaxon biocare pvt ltd
441,agio pharmaceuticals ltd
442,arlak biotech pvt ltd
443,alrosa pharmaceuticals pvt ltd
444,merlyn biotech
445,zenlabs ethica ltd
446,ventus pharmaceuticals pvt ltd
447,sycon healthcare pvt ltd
448,lyra laboratories pvt ltd
449,plenus pharmaceuticals pvt ltd
450,staunch health care pvt ltd
451,irza life science pvt ltd
452,jawa pharmaceuticals pvt ltd
453,bajaj pharmaceutical
454,atlantis formulations pvt ltd
455,peau brillante
456,anisum lifesciences
457,healthkind pharma pvt ltd
458,nukind healthcare pvt ltd
459,pharmasynth formulations ltd
460,lakssha pharmaceuticals
461,as lifesciences
462,fresenius kabi india pvt ltd
463,neon laboratories ltd
464,ekansh pharma
465,aingo pharma pvt ltd
466,farlex pharmaceuticals pvt ltd
467,radico remedies
468,bionexa organic
469,morepen laboratories ltd
470,beulah biomedics ltd
471,curewell drugs and pharmaceuticals pvt ltd
472,hamax pharmaceuticals
473,logimed pharma pvt ltd
474,bioworld pharma
475,hippo labs pvt ltd
476,nutramedica inc.
477,khandelwal laboratories pvt ltd
478,apical biologicals
479,narankaa pharma
480,dales pharmaceuticals ltd
481,deify pharma
482,unistar biotech ltd
483,betamax remedies
484,levent biotech pvt ltd
485,alicon pharmaceutical pvt ltd
486,lifecare formulation pvt ltd
487,ciron drugs & pharmaceuticals pvt ltd
488,nocnil pharma
489,cardia life care pvt ltd
490,meditrina biotech pvt ltd
491,noir pharmaceuticals ltd
492,dwd pharmaceuticals ltd
493,overseas healthcare pvt ltd
494,bipin drug house
495,glaxosmithkline consumer healthcare
496,catholicon pharmaceuticals pvt ltd
497,sunrise remedies pvt ltd
498,ivy healthcare
499,german remedies
500,igp medventures pvt ltd
501,matrix healthcare
502,sigma softgel formulation
503,bharat antibiotics inc
504,scinticaa pharma
505,symbiosis lab
506,fedley healthcare private limited
507,edward young labs
508,dkt india ltd
509,primus remedies pvt ltd
510,j b chemicals and pharmaceuticals ltd
511,shine pharmaceuticals ltd
512,vibcare pharma pvt ltd
513,ind swift laboratories ltd
514,solarium pharmaceuticals
515,southshourne corporation india
516,chordius pharmaceuticals ltd
517,taj pharma india ltd
518,shatayushi healthcare pvt ltd
519,themis pharmaceuticals prop chemosyn ltd
520,sunberry lifesciences private limited
521,mediyork pharma pvt ltd
522,zelnic biotech pvt ltd
523,zeeford life sciences
524,accilex nutricorp
525,doctor wonder private limited
526,abony healthcare limited
527,cubit healthcare
528,marico limited
529,fidelity lifesciences pvt ltd
530,grapple life sciences pvt ltd
531,unicorn india
532,achemic
533,arechar healthcare
534,staunch biotech
535,exsan healthcare
536,shalina laboratories pvt ltd
537,femgrace formulations
538,avonic life sciences
539,base pharmaceuticals pvt ltd
540,minova life sciences pvt ltd
541,avis lifecare pvt ltd
542,nuper therapeutics
543,edinburgh pharmaceuticals
544,esskay bee pharma
545,fourrts india laboratories pvt ltd
546,kalpataru formulations pvt ltd
547,gms biomax medicare pvt ltd
548,lg lifesciences
549,alicia healthcare
550,reddy pharmaceuticals
551,delvin formulations pvt ltd
552,acekinetics healthcare pvt ltd
553,marc laboratories pvt ltd
554,pramukh swami pharma ltd
555,knoll pharmaceuticals ltd
556,cgn lifesciences private limited
557,athena medicare
558,willow pharmaceuticals pvt ltd
559,astrica biomedics pvt ltd
560,synex global services llp
561,colgen pharma
562,vintek pharmaceuticals
563,swiss pharma pvt ltd
564,ben hadded pharma pvt ltd
565,solace biotech ltd
566,pancare pharmaceuticals pvt ltd
567,walnut lifesciences
568,kim lab
569,assiduous life sciences pvt ltd
570,biocell pharmaceuticals pvt ltd
571,vibrant healthcare pvt ltd
572,noel pharma india pvt ltd
573,bios lab
574,medcure pharma
575,triple a pharma
576,busan pharmaceuticals
577,novogen captab
578,organic laboratories
579,duken pharmaceuticals
580,vinsha pharmaceuticals
581,ferring pharmaceuticals
582,aar ess remedies pvt ltd
583,angiolife healthcare pvt ltd
584,la renon healthcare pvt ltd
585,nanshe remedies
586,wisdom pharma pvt. ltd
587,hbc lifesciences pvt ltd
588,elfin pharma pvt ltd
589,laclin pharmaceuticals
590,j.k. drugs & pharmaceutical pvt ltd
591,alisier drugs pvt ltd
592,zota pharmaceuticals pvt ltd
593,shreeyam healthcare
594,medgrow health care
595,alpha lab
596,medsea healthcare pvt ltd
597,la pristine bioceuticals pvt ltd
598,sigmund promedica
599,selexia biotech private limited
600,ryland healthcare
601,bayer pharmaceuticals pvt ltd
602,ronish bioceuticals
603,golden pharmaceuticals india pvt ltd
604,shantam pharmaceuticals pvt ltd
605,gracia life science india pvt ltd
606,bini laboratories pvt ltd
607,biocore pharmaceuticals
608,aprica healthcare pvt ltd
609,aurum life science pvt ltd
610,elixir life care pvt ltd
611,shreya life sciences pvt ltd
612,rockmed pharma pvt. ltd.
613,divine lifecare pvt ltd
614,glebit laboratories
615,scott edil pharmacia ltd
616,zdl(zodiacal) pharmaceutics pvt.ltd
617,healthy life medicare
618,fulford india ltd
619,solitaire pharmacia pvt ltd
620,oscar remedies pvt ltd
621,chemo biological
622,xymera bioscience pvt ltd
623,indi pharma
624,tas med india pvt ltd
625,wisdom exim private limited
626,netprime pharma pvt ltd
627,sovicare pharmaceuticals
628,being care pharmaceuticals
629,psychocare health pvt ltd
630,medhexa pharma
631,radius healthcare pvt ltd
632,mitis biomedics ltd
633,walter bushnell
634,secure healthcare india pvt ltd
635,shirr pharmaceuticals pvt ltd
636,care pride pharma
637,rp healthcare pvt. ltd.
638,care organics ltd.
639,valcret lifesciences pvt ltd
640,sbs life sciences pvt ltd
641,invision medi sciences pvt ltd
642,maksun biotech pvt ltd
643,nivia lifescience
644,geneka biotek
645,aden healthcare
646,medconic healthcare
647,ochoa laboratories ltd
648,finesse pharmaceuticals
649,f c remedies
650,retra life science pvt ltd
651,euro organics
652,iva healthcare pvt. ltd.
653,glowderma labs pvt ltd
654,royal labs
655,treatwell pharma
656,beloorbayir biotech limited
657,shiwalic formulations pvt ltd
658,flagship biotech international
659,unicure india pvt ltd
660,precise lifescience
661,apotex lifesciences
662,usr remedies
663,idol biotech
664,superlative healthcare
665,mb2 medicare
666,nvron life science ltd
667,sarcoma remedies pvt ltd
668,midas biotek pvt ltd
669,wellbird pharma pvt ltd
670,bio warriors pharmaceuticals pvt ltd
671,tablets india limited
672,medfence labs
673,bestochem formulations india ltd
674,chicky pharma pvt ltd
675,magbro healthcare pvt ltd
676,libra drugs india
677,krinon remedies pvt ltd
678,pharmed ltd
679,orlife healthcare
680,biological e ltd
681,garwyn remedies
682,lnr pharma
683,medimind drugs and chemicals
684,vinca lifesciences
685,medicamen biotech ltd
686,corpus lifesciences pvt ltd
687,humane care pharmaceuticals pvt. ltd.
688,vsaar pharma pvt ltd
689,ryon pharma
690,anitek lifecare
691,salveo lifecare
692,icon life sciences
693,rapross pharmaceuticals pvt ltd
694,wellmark lifesciences private limited
695,bsure pharmaceuticals pvt ltd
696,leben life sciences pvt ltd
697,elkos healthcare pvt ltd
698,asklepios remedies pvt ltd
699,onamoy healthcare llp
700,roussel laboratories pvt ltd
701,valentis pharma
702,grandcure healthcare pvt ltd
703,rekin pharma pvt. ltd.
704,associated biopharma
705,imed healthcare
706,ridhima biocare
707,wit pharmalink pvt ltd
708,sure healthcare pvt ltd
709,apple therapeutics pvt ltd
710,dallas pharmaceuticals and formulations pvt ltd
711,redmed medical services
712,zephon life sciences
713,comed chemicals ltd
714,klokter life sciences
715,osvel pharma
716,zenstar life sciences
717,tunic healthcare
718,meridian enterprises pvt ltd
719,senechio pharma pvt ltd
720,cosmic life sciences
721,remark healthcare
722,intra labs india pvt ltd
723,vanshita lifecare
724,mova pharmaceutical pvt ltd
725,mcastro pharma
726,nicson pharma
727,carezone healthcare
728,proqol healthcare
729,nitro organics
730,osper formulations pvt ltd
731,pharma planet india
732,narvs pharma
733,vgr bio lab
734,iveon laboratories limited
735,saviour speciality drugs pvt ltd
736,kiran pharmaceutical
737,nemi pharmaceuticles
738,race pharmaceuticals pvt ltd ltd
739,meri-odin life sciences
740,cronus biotech ltd
741,alniche life sciences pvt ltd
742,lyka labs
743,global dent aids pvt ltd
744,hegde and hegde pharmaceutical llp
745,dev bhoomi pharmaceuticals
746,alliance remedies
747,optiderma skincare llp
748,parry pharma pvt ltd
749,kusum healthcare pvt ltd
750,universal drug house pvt ltd
751,gujarat terce laboratories ltd
752,hiral labs ltd
753,medicare remedies pvt ltd
754,azine healthcare pvt ltd
755,bindlysh biotec ltd
756,apex laboratories pvt ltd
757,vintech formulations
758,elite pharma pvt ltd
759,krishlar pharmaceuticals
760,stenhill labs
761,blue cross laboratories ltd
762,healthkey lifescience pvt. ltd.
763,enphamed biotech private limited
764,sunroxx pharma
765,sbs biosciences
766,biotics lab life services private limited
767,clyde biotech p ltd
768,stallion laboratories pvt ltd
769,max life science
770,raddison health care pvt ltd
771,hindustan latex ltd
772,biovalence skin care
773,biocin genetics & pharma
774,santo formulations
775,tosc international pvt ltd
776,bellissa pharmaceuticals
777,health plan
778,aadi health care
779,daylon healthcare
780,dycott healthcare
781,epsilon biotech
782,medilente pharma pvt ltd
783,chem + med pharmaceuticals
784,volus pharma pvt ltd
785,celsius healthcare pvt ltd
786,clarix healthcare
787,biomedica international
788,will impex
789,mdc pharmaceuticals pvt ltd
790,brooks laboratories limited
791,kanraxy pharma
792,bioclix remedies
793,doctomed
794,ant pharmaceuticals pvt ltd
795,elis pharmaceuticals india pvt ltd
796,auspharma private limited
797,positif life sciences
798,dycine pharmaceuticals ltd
799,theon pharmaceuticals ltd.
800,plena remedies
801,medreich lifecare ltd
802,maitri healthcare pvt ltd
803,ikon remedies pvt ltd
804,lezaa biotech
805,artichem laboratories
806,vitabolik pharma
807,penardo biotech
808,percos india pvt ltd
809,simpson brawn pharmaceuticals
810,spark bless pharma
811,gmd pharmaceuticals
812,enrico pharmaceuticals
813,centaur pharmaceuticals pvt ltd
814,novique life sciences
815,medipol pharmaceuticals india pvt ltd
816,desons therapeutics
817,apcon remedies
818,simon healthcare
819,bioethics lifesciences pvt ltd
820,conceptive farmacia pvt ltd
821,aprica pharmaceuticals pvt ltd
822,ethinext pharma
823,as pharmaceutical (india) pvt ltd
824,apple biotech
825,aelida healthcare
826,thrift pharmaceuticals
827,parul health care private limited
828,malvern pharma
829,oak vance life sciences pvt. ltd.
830,baroque pharmaceuticals pvt ltd
831,zen labs india
832,blaze remedies
833,shankus acme pharma pvt ltd
834,pharmcure health care
835,klar sehen pvt ltd
836,sentosa geigy (india) labs limited
837,innova formulations pvt ltd
838,santiago lifesciences pvt ltd
839,u & v cancure pvt. ltd.
840,wynclark pharmaceuticals private limited
841,astley life sciences pvt ltd
842,ifimed pharmaceuticals pvt ltd
843,ocuris pharmaceuticals pvt ltd
844,yuventis pharmaceuticals
845,maxlive pharmaceuticals pvt ltd
846,biofrank pharmaceuticals
847,cadman healthcare
848,chiron pharmaceuticals pvt ltd
849,magnus biotech pvt ltd
850,klm laboratories pvt ltd
851,lifesurge biosciences pvt ltd
852,blair remedies pvt ltd
853,pharos pharmaceuticals
854,angel biotech
855,renauxe pharma india pvt ltd
856,indo pacific life sciences
857,micro organics pharmaceuticals india pvt ltd
858,asterisk laboratories india pvt ltd
859,neocell science pharmaceuticals pvt ltd
860,biomiicron pharmaceuticals
861,salud care india pvt ltd
862,allenchem
863,insutik pharmaceuticals private limited
864,sedate healthcare pvt ltd
865,carron biotech
866,elnova pharma
867,medion biotech pvt ltd
868,henry pharmaceuticals
869,credence healthcare
870,indian pharmaceuticals
871,mednic healthcare
872,aldan healthcare private limited
873,remantra pharma
874,elbrit life sciences
875,rena exports pvt ltd
876,salvador visiontech
877,ampra pharmaceuticals
878,ds pharma
879,ziyana lifesciences pvt ltd
880,abron healthcare
881,rhine biogenics pvt ltd
882,cadomed pharmaceuticals pvt ltd
883,dawn pharmaceuticals pvt ltd
884,kniss laboratories pvt ltd
885,brostin seizz biocare
886,nectar biopharma pvt limited
887,tuttsan pharma pvt ltd
888,dial pharmaceuticals pvt ltd
889,indchemie health specialities pvt ltd
890,indolands pharma pvt ltd
891,johnson & johnson ltd
892,r b pharmaceuticals
893,zion pharmaceuticals pvt ltd
894,pharmentis biotax
895,bal pharma ltd
896,cure n cure pharmaceutical
897,octavia labs pvt ltd.
898,trombone pharma pvt ltd
899,pharma fabrikon
900,pcm biotech
901,man serve pharma
902,claris lifesciences ltd
903,bill cure pharma pvt ltd
904,talent healthcare
905,tetramed biotek pvt ltd
906,snyder healthcare
907,denzai innovations & therapeutics pvt ltd
908,nexkem pharmaceuticals pvt ltd
909,zodak healthcare
910,dynamed pharmaceuticals pvt ltd
911,ernst pharmacia
912,geolife sciences
913,rhythm biotech private limited
914,numedix life sciences
915,leo pharmaceuticals
916,sanatra health care
917,erika remedies
918,richfaith pharmaceuticals
919,biocordis pharmaceuticals pvt ltd
920,sapient laboratories pvt ltd
921,yodley life sciences private limited
922,arehk healthcare
923,alpha aromatic pvt ltd
924,grampus labs
925,radisun lifesciences
926,m.m labs
927,cablin healthcare pvt ltd
928,asvins lifecare
929,inga laboratories pvt ltd
930,albert david ltd
931,newgen biotech pvt. ltd.
932,biometrix pharma
933,osiante biotech
934,eutheon life sciences pvt ltd
935,chemida labs pvt ltd
936,werke healthcare
937,abia pharmaceuticals pvt. ltd.
938,orchid chemicals & pharmaceuticals ltd
939,indoglobe ventures private limited
940,lifecare innovations pvt ltd
941,starzol pharma
942,vindeca life sciences
943,strio healthcare
944,zeuson medicines pvt ltd
945,antares pharmaceuticals pvt. ltd.
946,dermaland pvt ltd
947,nordic formulations pvt ltd
948,bio medicx readifine health care
949,signorah healthcare
950,green cross remedies
951,safetech formulation
952,cnscure india pvt ltd
953,medopharm
954,insta care lifescience
955,jasmine healthcare india pvt ltd
956,chemo healthcare pvt ltd
957,citrus pharma
958,macway biotech pvt ltd
959,kansas labs
960,voopar sciences pvt ltd
961,cataliq laboratories pvt ltd
962,eveson pharma
963,west-coast pharmaceutical works ltd
964,rosnet pharma
965,viilbery healthcare pvt ltd
966,tuhi lifesciences pvt. ltd.
967,tycoon pharmaceuticals pvt ltd
968,synokem pharmaceuticals ltd
969,sterkem pharma pvt ltd
970,proton remedies pvt ltd
971,mas life science
972,bio health pharma pvt. ltd.
973,bellavita healthcare pvt ltd
974,mediwell laboratories
975,serwina pharmaceuticals private limited
976,medleaf pharmaceuticals
977,nulife pharmaceuticals
978,nirlife healthcare
979,advance concept pharmaceuticals pvt. ltd.
980,shreshtha formulations
981,torque pharmaceuticals pvt ltd
982,accosts remedies pvt ltd
983,hema laboratories
984,fiale pharmaceuticals
985,neuracle lifesciences pvt ltd
986,saffron therapeutics pvt ltd
987,masson healthcare pvt ltd
988,austin health care
989,el-dorado bio-tech pvt ltd
990,dewcare concept pvt.ltd.
991,genera hindustan inc
992,ratchet biotech pvt ltd
993,unique life sciences (p) ltd
994,zeytin pharma pvt ltd
995,mylan pharmaceuticals pvt ltd
996,calix health care
997,surya pharmaceutical ltd
998,konark biochem
999,kestrel lifesciences
1000,rhumasafe pharmaceutical
1001,pykon healthcare
1002,bioxtreme pharma
1003,prina healthcare pvt ltd
1004,riasmo lifesciences
1005,sain medicaments pvt ltd
1006,archicare limited
1007,bio drugs laboratories pvt ltd
1008,soulager healthcare pvt ltd
1009,datla laboratories
1010,litaka pharmaceuticals ltd
1011,astrophel pharmaceuticals
1012,apellon biotech
1013,biogenetic pharmaceuticals
1014,genees pharmaceutical pvt. ltd.
1015,dermo care laboratories
1016,nulead pharmaceuticals pvt ltd
1017,brinton pharmaceuticals pvt ltd
1018,parex pharmaceuticals pvt ltd
1019,tatvartha health
1020,baroda pharma pvt ltd
1021,hexal pharmaceuticals
1022,swati spentose pvt ltd
1023,optho pharma pvt ltd
1024,embiotic laboratories pvt ltd
1025,elicad pharmacueticals pvt ltd
1026,vance health pharmaceuticals ltd
1027,shilpex pharmysis
1028,eskag pharma pvt ltd
1029,craveon lifesciences pvt ltd
1030,silicon pharma
1031,ester formulations
1032,ascent corporations
1033,cyper drugs & pharmaceuticals pvt ltd
1034,sehat pharma pvt ltd
1035,diligence pharma
1036,sumac pharma pvt ltd
1037,alienist pharmaceutical private limited
1038,medinova labs
1039,meditouch wellness
1040,rhombus pharma pvt ltd
1041,medicross pharmaceuticals
1042,osho pharma pvt ltd
1043,apple lifescience
1044,motif health care
1045,maxqure labs
1046,the pharmed research lab pvt ltd
1047,jm healthcare pvt ltd
1048,p r g pharma pvt ltd
1049,innovative pharmaceuticals
1050,premedium pharmaceuticals pvt ltd
1051,skn organics
1052,ricaria support services private limited
1053,norgam medicaments pvt ltd
1054,dr. morepen limited
1055,zovaitalia healthcare pvt ltd
1056,abaris healthcare
1057,adirex pharmaceuticals
1058,prompt cure pharm pvt ltd
1059,daxia healthcare
1060,mexican wave pharma
1061,ozrak lifesciences
1062,medicaid labs llp
1063,wilymed pharmaceuticals private limited
1064,axiommax oncology pvt ltd
1065,inex medicaments pvt ltd
1066,american biocare
1067,succor health care pvt ltd
1068,medifinity healthcare private limited
1069,natco pharma ltd
1070,lxir medilabs pvt ltd
1071,modern pharmaceuticals
1072,innovius life drugs
1073,haledew remedies
1074,otsuka pharmaceutical india pvt ltd
1075,nv pharmaceuticals
1076,winsome laboratories pvt ltd
1077,helen pharmaceuticals private limited
1078,radix pharmaceuticals
1079,nri vision care india limited
1080,joslin pharma india pvt ltd
1081,medishri healthcare
1082,zenobio life science
1083,universal micro sciences
1084,lamiaceae healthcare
1085,sunniva life science
1086,adips laboratories ltd
1087,hindustan pharmaceuticals
1088,best biotech
1089,jabs biotech pvt ltd
1090,orange biotech pvt ltd
1091,nutrilis healthcare pvt ltd
1092,roma pharma pvt ltd
1093,sarp pharmaceuticals
1094,curasia medilabs
1095,royal sapphire remedies
1096,eraas international
1097,dr kumars pharmaceuticals
1098,parnasa mediworld pvt ltd
1099,caryota life sciences india pvt. ltd.
1100,aventura healthcare pvt ltd
1101,synchem lab
1102,rekvina laboratories ltd
1103,cadell healthcare pvt ltd
1104,bandu pharmaceuticals private limited
1105,jay ell healthcare pvt. ltd
1106,nanz med science pharma ltd
1107,themis medicare ltd
1108,marsha pharma pvt ltd
1109,olens healthcare pvt ltd
1110,sois formulations pvt ltd
1111,aarmac labs
1112,vasphar india
1113,asbestos drugs & chemicals pvt ltd
1114,zydus healthcare limited
1115,nemus pharmaceuticals pvt ltd
1116,lloyd healthcare pvt ltd
1117,archmed biotech pvt ltd
1118,holymed pharma
1119,adikan healthcare pvt ltd
1120,intermed pharma pvt ltd
1121,diues biotech
1122,atyad life sciences pvt ltd
1123,parenteral drugs india ltd
1124,welwart pharmaceutical pvt ltd
1125,alester pharma pvt ltd
1126,helax healthcare pvt. ltd.
1127,zargan healthcare
1128,desta lifescience
1129,sing pharma pvt ltd
1130,coral pharmaceuticals p ltd
1131,candle pharmaceuticals
1132,parangat organics
1133,rr life sciences pvt ltd
1134,maknaam chemicals
1135,alteus biogenics pvt ltd
1136,adn life sciences
1137,morphil life sciences pvt ltd
1138,eden healthcare pvt ltd
1139,synmedic laboratories
1140,splendid pharmaceuticals
1141,nidus pharma pvt ltd
1142,paripurna healthcare
1143,myriad hues healthcare
1144,trireme life sciences pvt ltd
1145,dahlia pharmaceutical pvt ltd
1146,caddes life sciences
1147,alika healthcare pvt ltd
1148,msn laboratories
1149,mhs pharmaceuticals pvt ltd
1150,anthus pharmaceuticals pvt ltd
1151,cardiatic care
1152,dharam lifesciences
1153,united laboratories india pvt ltd
1154,quality pharma products pvt. ltd.
1155,menrik biomerge pvt ltd
1156,skymax laboratories pvt ltd
1157,rencord life sciences pvt ltd
1158,apkavit lifesciences
1159,aar biosys
1160,zenith healthcare ltd
1161,ambient pharmaceuticals pvt ltd
1162,medicil healthcare
1163,cachet pharmaceuticals pvt ltd
1164,tirupati medicare limited
1165,saanvika pharma
1166,laxian healthcare
1167,terrace pharmaceuticals
1168,positive medicare pvt ltd
1169,sangrose laboratories pvt ltd
1170,biotanic lifesciences
1171,biopolis life sciences pvt ltd
1172,aeryn lifesciences pvt ltd
1173,mmc healthcare ltd
1174,amps biotech pvt ltd
1175,adonis phytoceuticals pvt ltd
1176,scoshia remedy inc
1177,nilrise pharmaceuticals pvt ltd
1178,ace pharma
1179,elinor pharmaceuticals pvt ltd
1180,sag health science pvt ltd
1181,adley formulations
1182,titan bioscience pvt ltd
1183,pharma drugs & chemicals
1184,krishna life sciences
1185,wunderz pharmaceuticals
1186,anhox healthcare pvt ltd
1187,kepler health care
1188,gk medicos
1189,reantis pharmaceuticals pvt. ltd.
1190,krypton pharmaceuticals
1191,rebanta health care (p) limited
1192,oasis laboratories pvt ltd
1193,indkus biotech india
1194,iatric pharmaceuticals
1195,meethi pharmaceuticals
1196,meghmani lifesciences
1197,ortin laboratories ltd
1198,ups healthcare
1199,dr. edwin lab
1200,ionaire biotech
1201,clover health care pharma
1202,life medicare & biotech pvt ltd
1203,vasolife healthcare
1204,3c health solution pvt ltd
1205,galenus pharma pvt ltd
1206,overseas pharma pvt ltd
1207,maxcure pharmaceuticals
1208,wellok pharma
1209,wellona pharmaceutical private limited
1210,integrated laboratories pvt ltd
1211,zither labs
1212,maksal pharmaceuticals (p) ltd
1213,medok life sciences pvt ltd
1214,h.l healthcare pvt ltd
1215,jemster healthcare private limited
1216,solvate laboratries pvt ltd
1217,innovexa healthcare pvt ltd
1218,monokem labs
1219,radicura pharma pvt ltd ltd
1220,megha healthcare pvt ltd
1221,lexus organics
1222,artel laboratories
1223,widcure healthcare
1224,theogen pvt ltd
1225,retro life sciences
1226,bayu healthcare pvt ltd
1227,cinerea biotech pvt ltd
1228,acme pharmaceutical
1229,fairdeal formulations (india) pvt ltd
1230,lancer health care pvt ltd
1231,athens labs ltd
1232,brain and health pharmaceuticals
1233,denglow pharmaceuticals private limited
1234,ascent therapeuticals
1235,shince pharmaceuticals pvt ltd
1236,plenteous pharmaceuticals ltd
1237,logos pharma
1238,meltic healthcare pvt ltd
1239,aronex life sciences pvt ltd
1240,orris pharmaceuticals
1241,zicad life care
1242,altavista life sciences pvt ltd
1243,demorbus india pvt ltd
1244,astakind biotech private limited
1245,mecure pharma
1246,elixir pharmacon
1247,densa pharmaceuticals pvt ltd
1248,sygnus biotech
1249,jantec pharma
1250,universal life sciences
1251,la grande pvt ltd
1252,healing pharma india pvt ltd
1253,zeotec life science pvt ltd
1254,blubell pharma
1255,nusmith pharma pvt. ltd
1256,corvin pharmaceuticals
1257,pifer pharmaceuticals pvt ltd
1258,chandra bhagat pharma pvt ltd
1259,aarcin pharmaceutical llp
1260,shrinivas gujarat laboratories pvt ltd
1261,united lifecare pvt ltd
1262,grace drugs & pharmaceuticals
1263,baxton pharmacia
1264,alpic biotech ltd
1265,dermacure pharmaceuticals pvt ltd
1266,macwin pharma
1267,starsure remedies
1268,norden lifesciences
1269,tri mitsu pharmaceuticals
1270,wellcuring lifesciences pvt ltd
1271,orgus healthcare
1272,pasco pharmaceuticals
1273,meddox formulations
1274,human vigor private limited
1275,may and baker pharmaceuticals ltd
1276,emar healthcare
1277,tusker pharma pvt ltd
1278,raviolis healthcare
1279,proctor organics p ltd
1280,linux laboratories
1281,aerozest life science
1282,agm biotec
1283,maxamus pharma pvt ltd
1284,doctors choice health care india pvt ltd
1285,altar pharmaceuticals pvt ltd
1286,loremchem pharmaceutical
1287,hilbert healthcare
1288,ednita healthcare
1289,destin laboratories pvt ltd
1290,moraceae pharmaceuticals pvt ltd
1291,alchemist life science ltd
1292,altak pharmaceuticals pvt ltd
1293,delwis healthcare pvt ltd
1294,bluewaterresearch
1295,estrellas life sciences pvt. ltd.
1296,anikem laboratories
1297,care us pharmaceutical private limited
1298,allcure lifesciences
1299,klintoz pharmaceuticals pvt ltd
1300,nitin lifesciences ltd
1301,volks biotech
1302,vanshyam pharma
1303,ardent life sciences pvt ltd
1304,sidhbali formulations
1305,bioceutics inc
1306,larsan healthcare
1307,strive pharmaceuticals
1308,indiabulls pharmaceutical ltd
1309,welkind pharma
1310,dr. d pharma
1311,biomirra biogenics pvt ltd
1312,beatus healthcare pvt ltd
1313,sanify healthcare pvt ltd
1314,minii life sciences pvt ltd
1315,torres lifesciences
1316,medocean pharmaceuticals
1317,baropharn formulations
1318,bsp pharmaceuticals
1319,rosch elmer pharmaceuticals private limited
1320,macmay pharmaceuticals pvt ltd
1321,zydillac biotech
1322,akumentis healthcare ltd
1323,cosmederma remedies
1324,cronical pharma pvt ltd
1325,jagsam pharma
1326,broadspectrum remedies private limited
1327,kopran ltd
1328,nucleosomecare pharma llp
1329,bliss gvs pharma limited
1330,mits healthcare pvt ltd
1331,aver pharmaceuticals pvt ltd
1332,doeshealth systems private limited
1333,unimax laboratories pvt ltd ltd
1334,rawlley healthcare pvt ltd
1335,brook parker
1336,aspen pharmaceuticals
1337,amwill healthcare
1338,safe life care
1339,sarmain pharmaceuticals
1340,gold line
1341,riyadh pharmaceutical
1342,daxon healthcare private limited
1343,kardic kare
1344,univentis medicare ltd
1345,addissun life science pvt ltd
1346,prevento pharma
1347,cassel research laboratories pvt ltd
1348,mancop remedies
1349,signature phytochemical industries
1350,human biolife india pvt ltd
1351,future pharma pvt ltd
1352,allegiant biotech
1353,antigen healthcare p. ltd
1354,solis pharma
1355,envian life sciences pvt ltd
1356,unison laboratories
1357,pray healthcare
1358,lundbeck india pvt ltd
1359,s h pharmaceuticals ltd
1360,amista labs pvt ltd
1361,calibre pharmaceutical
1362,cyno pharmaceuticals ltd
1363,divine savior pvt ltd
1364,jasco labs pvt ltd
1365,zephyr medicare pvt ltd
1366,fern biotech
1367,rhydburg pharmaceuticals ltd
1368,uniza healthcare llp
1369,euro biogenics
1370,biomax laboratories
1371,indiana opthalmics
1372,fdc ltd
1373,insead lifesciences pvt ltd
1374,evexia life sciences
1375,zennar life sciences
1376,nourier lab
1377,avalanche pharmaceuticals
1378,zelleven pharma pvt ltd
1379,unison pharmaceuticals pvt ltd
1380,anoco pharmaceuticals india pvt ltd
1381,uhc life sciences
1382,daniyal pharma private limited
1383,curis lifecare
1384,nimbles biotech pvt ltd
1385,blue chem lifesciences
1386,c m r life sciences
1387,freedom healthcare pvt ltd
1388,aja life
1389,esma formulations
1390,medisys biotech pvt ltd
1391,hallmark chemicals
1392,senen biotech
1393,sanoti laboratories
1394,acela healthcare pvt ltd
1395,gopal lifesciences
1396,macwell pharmaceuticals
1397,siomond pharmaceuticals pvt ltd
1398,allen dale biosciences
1399,sonika life sciences ltd
1400,amore health essentials pvt ltd
1401,cospex pharmaceuticals pvt ltd
1402,cista medicorp
1403,apace life sciences pvt ltd
1404,asolear pharma pvt ltd
1405,syntho pharmaceuticals pvt ltd
1406,staneil pharma
1407,veterix lifesciences private limited
1408,starus pharmaceuticals
1409,parker robinson pvt ltd
1410,smart laboratories pvt ltd
1411,anglo-french drugs & industries ltd
1412,mediphar lifesciences pvt ltd
1413,tulsi medi sciences
1414,kav laboratories
1415,snu biocare
1416,i.i.f.a health care
1417,serum institute of india ltd
1418,tesla labs pvt ltd
1419,novagen pharmaceuticals
1420,innovital healthcare pvt ltd
1421,bondane pharma
1422,ardor drugs pvt ltd
1423,adonis laboratories pvt ltd
1424,genome therapeutics corporation
1425,sunlife pharmaceuticals ltd
1426,tanzer lifecare pvt ltd
1427,coddle medichem
1428,benatural health care pvt ltd
1429,ronyd healthcare pvt ltd
1430,venova pharmaceuticals pvt ltd
1431,sanshis pharmaceuticals
1432,pegasus farmaco india pvt ltd
1433,sykocure lifesciences
1434,welbe life sciences
1435,inqor pharmaceuticals private limited
1436,glacia life care
1437,biokindle lifesciences pvt ltd
1438,somatico laboratories pvt ltd
1439,solano healthcare pvt ltd
1440,aarux pharmaceuticals pvt ltd
1441,atishya biotech
1442,sterling lab
1443,greek pharma
1444,geneda pharma
1445,jarun pharmaceuticals
1446,karnataka antibiotics & pharmaceuticals ltd
1447,metrix healthcare pvt ltd
1448,sentonssa wellness pvt ltd
1449,kenriz care
1450,symbiosis life sciences limited
1451,mig healthcare
1452,lemford biotech pvt ltd
1453,rosette aeon lifecare
1454,gentech healthcare pvt ltd
1455,ultra drugs pvt ltd
1456,serene life sciences pvt ltd
1457,win-medicare pvt ltd
1458,mascot biotech
1459,leben laboratories pvt ltd
1460,meracus pharmaceuticals
1461,drakt pharmaceutical pvt ltd
1462,phoenix pharmaceuticals
1463,sonixa lifecare
1464,ambic ayurchem ltd
1465,astronia life sciences
1466,denchmed pharma
1467,biomax biotechnics pvt ltd
1468,galacus healthcare pvt ltd
1469,s m a pharmaceuticals
1470,gufic bioscience ltd
1471,unilex lifesciences pvt ltd
1472,megma health care pvt ltd
1473,skylla pharmaceuticals
1474,orsis pharmaceuticals
1475,brown & burk pharmaceuticals ltd
1476,puremed biotech
1477,uth healthcare
1478,jvd pharma pvt ltd
1479,quick heal life sciences
1480,systopic laboratories pvt ltd
1481,vellinton healthcare
1482,trumac healthcare
1483,gerrysun pharmaceuticals pvt ltd
1484,canon biotech
1485,adbio organics pvt ltd
1486,ahaan healthcare pvt ltd
1487,rhone-poulenc india ltd
1488,resilio pharmaceuticals pvt ltd
1489,indica biolife sciences
1490,laxter pharmaceutical pvt ltd
1491,obzone pharmaceuticals pvt ltd
1492,rkg pharma
1493,sag pharma pvt ltd
1494,dermarex healthcare india pvt. ltd.
1495,shalman pharma pvt ltd
1496,baksun healthcare pvt ltd
1497,xena coronus health care pvt ltd
1498,swiss biotech
1499,aeobury healthcare pvt ltd
1500,bell pharma pvt ltd
1501,park pharmaceuticals
1502,lifeline antidotes pvt. ltd.
1503,esquire drug house
1504,accord pharmaceuticals
1505,uvb healthcare pvt ltd
1506,pelzar healthcare
1507,psycogen captab
1508,ultimate healthcare
1509,edison organics pharmaceuticals
1510,rax health care pvt ltd
1511,gladstone pharma india pvt ltd
1512,vita pharmaceuticals
1513,neiss labs pvt ltd
1514,rangsubbs
1515,h & i critical care
1516,oswin pharmaceuticals
1517,zen pharma pvt ltd
1518,medial pharma ltd
1519,rowez life sciences pvt. ltd.
1520,cmg biotech pvt ltd
1521,aeon remedies
1522,snapback pharmaceuticals private limited
1523,union drug
1524,dansan medichem
1525,medsol india overseas pvt ltd
1526,royal scottish remedies
1527,accuminn labs
1528,true care biomedix
1529,indo medix
1530,cure quick pharmaceuticals
1531,rowlinges life science
1532,saphnix life sciences
1533,vejovis pharmacy (opc) private limited
1534,godase healthcare
1535,cam neuro pharma pvt. ltd.
1536,saf fermion ltd
1537,lexaro healthcare
1538,hygeia labs pvt ltd
1539,merril pharma pvt ltd
1540,sresan pharmaceuticals
1541,sparsha pharma international pvt ltd
1542,aurel biolife
1543,karlin pharmaceuticals & exports pvt ltd
1544,geno pharmaceuticals ltd
1545,recure pharma
1546,ess emm pharma pvt ltd
1547,carise pharmaceuticals pvt ltd
1548,mac medilife pvt ltd
1549,octavius pharma pvt ltd
1550,icpa health products ltd
1551,sulzderma pharmaceuticals pvt ltd
1552,adon pharmaceuticals pvt ltd
1553,prime life science pvt ltd
1554,kaps3 life sciences
1555,medicant lifesciences pvt ltd
1556,rkm health care
1557,dazzle healthcare
1558,rusi remedies p ltd
1559,smayan healthcare pvt ltd
1560,vision pharma
1561,brzee mediscience
1562,nova lifesciences pvt. ltd.
1563,genesis biotech inc
1564,jagdale industries pvt. ltd
1565,orn remedies pvt ltd
1566,oddiant formulations
1567,atlas laboratories pvt ltd
1568,demax biotech pvt ltd
1569,flora & pharma
1570,astrum healthcare pvt ltd
1571,cfl pharmaceuticals ltd
1572,arinna lifescience pvt ltd
1573,fusion healthcare pvt ltd
1574,mint life sciences pvt ltd
1575,danavish healthcare
1576,floreat medica pvt ltd
1577,crestige lifecare
1578,healthyways pharmaceuticals pvt ltd ltd
1579,sedulus remedies
1580,optica pharmaceuticals pvt ltd
1581,anista healthcare
1582,walton healthcare pvt. ltd
1583,biologic psychotropics india pvt ltd
1584,igniva marketing pvt ltd
1585,emocare
1586,mega biosciences
1587,cruise pharmacia pvt ltd
1588,evercure pharmaceuticals
1589,indian drugs & pharmaceuticals ltd
1590,wholesome medtech private limited
1591,ecstasy biotech pvt ltd
1592,tecnex pharma
1593,cydia healthcare pvt ltd ltd
1594,trio remedies pvt ltd
1595,gentronix lifecare pvt ltd
1596,raymed pharmaceuticals ltd
1597,integrace pvt ltd
1598,tesact biocare
1599,maxo chem ltd
1600,modhike pvt ltd
1601,skylane pharmaceuticals
1602,elwiss biotech private limited
1603,hochest biotech india
1604,cohrem pharmaceutical pvt ltd
1605,legend pharma technologies
1606,bmw pharmaco india pvt. ltd.
1607,nettle pharmaceuticals
1608,salas pharmaceuticals
1609,triumph remedies pvt ltd
1610,glue biotech
1611,toubib pharma private limited
1612,wintech pharmaceuticals
1613,exsiva pharma pvt ltd
1614,organon (india) ltd
1615,stride healthcare
1616,aamorb pharmaceuticals pvt ltd
1617,amazone pharmaceuticals pvt ltd
1618,fillips pharma
1619,avail healthcare
1620,spectra therapeutics pvt ltd
1621,sanko biotech
1622,kivonyx healthcare
1623,galaxy biotech
1624,sevam healthcare
1625,twilight mercantiles ltd
1626,dorris pharmaceutical pvt ltd
1627,geluk pharma
1628,ansel healthcare
1629,montek biopharma
1630,sword and shield pharma ltd
1631,welcare pharma pvt ltd
1632,neomedix healthcare india private limited
1633,insight labz
1634,speciality meditech pvt ltd
1635,cnx healthcare pvt ltd
1636,alleviate pharmaceuticals pvt. ltd.
1637,varmed pharma pvt ltd
1638,morecare pharmatec pvt ltd
1639,esmatrix life sciences pvt ltd
1640,ruan life sciences pvt ltd
1641,somatico pharmacal pvt ltd
1642,curezip pharma pvt. ltd.
1643,ravenmac pharmaceuticals pvt ltd
1644,nutri synapzz therapeutis pvt ltd
1645,tergum remedies pvt ltd
1646,kaipro healthcare pvt ltd
1647,tavis lifecare
1648,lxora life sciences
1649,healers lab
1650,genip pharmaceuticals pvt ltd
1651,curever pharma pvt ltd
1652,omni lifesciences pvt ltd
1653,kuresys labs
1654,veliko pharmacls
